{
	"version": 1,
	"changelists": [
		{
			"guid": "00000000000000000000000000000000",
			"description": "Default Uncontrolled Changelist",
			"files": [
				"/Users/dhruvauti/Downloads/InfiniteMatrixStarter 5.2/Content/InfiniteMatrix/Blueprints/BP_Player.uasset",
				"/Users/dhruvauti/Downloads/InfiniteMatrixStarter 5.2/Content/InfiniteMatrix/Blueprints/BP_TunnelSpawner.uasset",
				"/Users/dhruvauti/Downloads/InfiniteMatrixStarter 5.2/Content/InfiniteMatrix/Maps/TutorialMap.umap",
				"/Users/dhruvauti/Downloads/InfiniteMatrixStarter 5.2/Content/InfiniteMatrix/Blueprints/BP_Tunnel.uasset",
				"/Users/dhruvauti/Downloads/InfiniteMatrixStarter 5.2/Content/InfiniteMatrix/UI/WBP_Restart.uasset",
				"/Users/dhruvauti/Downloads/InfiniteMatrixStarter 5.2/Content/InfiniteMatrix/UI/IMG_BlueSquare_Flat.uasset",
				"/Users/dhruvauti/Downloads/InfiniteMatrixStarter 5.2/Content/InfiniteMatrix/UI/IMG_BlackSquareDark_Flat.uasset",
				"/Users/dhruvauti/Downloads/InfiniteMatrixStarter 5.2/Content/InfiniteMatrix/UI/IMG_BlackSquare_Flat.uasset",
				"/Users/dhruvauti/Downloads/InfiniteMatrixStarter 5.2/Content/InfiniteMatrix/UI/IMG_RedSquare_Flat.uasset",
				"/Users/dhruvauti/Downloads/InfiniteMatrixStarter 5.2/Content/InfiniteMatrix/Blueprints/GM_Tutorial.uasset",
				"/Users/dhruvauti/Downloads/InfiniteMatrixStarter 5.2/Content/InfiniteMatrix/UI/WBP_HealthBar.uasset",
				"/Users/dhruvauti/Downloads/InfiniteMatrixStarter 5.2/Content/InfiniteMatrix/UI/WBP_Score.uasset",
				"/Users/dhruvauti/Downloads/InfiniteMatrixStarter 5.2/Content/InfiniteMatrix/Blueprints/BP_HealthPack.uasset",
				"/Users/dhruvauti/Downloads/InfiniteMatrixStarter 5.2/Content/InfiniteMatrix/Meshes/Healthpack.uasset",
				"/Users/dhruvauti/Downloads/InfiniteMatrixStarter 5.2/Content/InfiniteMatrix/Meshes/Material_021.uasset",
				"/Users/dhruvauti/Downloads/InfiniteMatrixStarter 5.2/Content/InfiniteMatrix/Meshes/Material_002.uasset",
				"/Users/dhruvauti/Downloads/InfiniteMatrixStarter 5.2/Content/InfiniteMatrix/Meshes/Material_006.uasset",
				"/Users/dhruvauti/Downloads/InfiniteMatrixStarter 5.2/Content/InfiniteMatrix/Meshes/Material_008.uasset",
				"/Users/dhruvauti/Downloads/InfiniteMatrixStarter 5.2/Content/InfiniteMatrix/Blueprints/BP_Enemy.uasset",
				"/Users/dhruvauti/Downloads/InfiniteMatrixStarter 5.2/Content/InfiniteMatrix/Blueprints/Projectile.uasset",
				"/Users/dhruvauti/Downloads/InfiniteMatrixStarter 5.2/Content/InfiniteMatrix/Blueprints/BP_Projectile.uasset",
				"/Users/dhruvauti/Downloads/InfiniteMatrixStarter 5.2/Content/InfiniteMatrix/UI/WBP_Rank.uasset",
				"/Users/dhruvauti/Downloads/InfiniteMatrixStarter 5.2/Content/InfiniteMatrix/UI/BP_Main.uasset",
				"/Users/dhruvauti/Downloads/InfiniteMatrixStarter 5.2/Content/InfiniteMatrix/Blueprints/BP_Controller.uasset",
				"/Users/dhruvauti/Downloads/InfiniteMatrixStarter 5.2/Content/InfiniteMatrix/UI/WB_Main.uasset"
			]
		}
	]
}